w,i_vggish,i_spectrum,i_speechvgg,mark_speechvgg,mark_vggish,mark_spectrum,ico_2017,ico_2022,length,iconicity_mean,humor,sensory,sensory_sound,sensory_d2,conc,freq,cd,aoa
announcer,0.7722266912460327,0.5680093169212341,0.0363831931418814,0.3120249666337843,0.85888547,0.8167233,1.0,3.727272727272727,9,0.4588730671030494,,,4.25,,4.52,2.7597,201,6.85
media,0.7683420181274414,-0.4974877536296844,-0.0171812092546994,0.3730721469525357,0.8086695,0.8530098,,2.8,5,0.0845576850810192,,,4.242,,3.57,3.0561,852,
mumble,0.7584492564201355,0.4018525779247284,-0.0985112343478109,0.36193863502360485,0.84317565,0.81910723,3.466666667,5.090909090909091,6,0.35393019999901765,,,3.895,3.55,3.69,1.6128,34,7.15
vocal,0.7577915191650391,-0.1903852224349975,0.1557418766184644,0.40097612058691834,0.89155185,0.8502983,,3.272727272727273,5,0.24104939111616863,2.342857143,,4.65,,2.93,2.1818,114,8.0
speech,0.7562985420227051,0.2349487394094467,0.1757936439886469,0.23411684309721592,0.8287396,0.79355484,,,6,0.38901364180693293,1.941176471,,4.15,2.64,3.37,3.288,1090,6.22
man,0.7561697959899902,-0.0581856928765773,-0.0733800629474305,0.27834990315770797,0.87731135,0.7767992,0.647058824,3.9166666666666665,3,0.20820134672199417,2.095238095,,3.647,4.09,4.79,4.9737,8054,3.11
monologue,0.7490854859352112,-0.243940383195877,0.1045460084587153,0.3297750002474668,0.7982475,0.8210295,,4.4,9,0.2032303703993498,,,4.722,,3.3,1.7709,37,12.59
auditory,0.7411046028137207,0.3567555546760559,0.0409937068441845,0.3333908642931754,0.85598445,0.83519894,,4.4,8,0.37961795477798704,,,3.762,,3.07,1.4472,25,12.79
snoring,0.7378384470939636,-0.1944877207279205,-0.1764561809930885,0.30080331113278774,0.8758895,0.8531229,,,7,0.12229818179098488,,,4.737,,4.18,2.1703,112,
question,0.7367612719535828,0.5554212331771851,-0.1862781673299567,0.2655810221003615,0.86683357,0.8502043,0.416666667,3.5,8,0.36863477926693705,2.392857143,,3.824,3.0,3.36,4.0051,4587,6.16
yes,0.7349108457565308,0.2509249448776245,0.1378374717030083,0.17570549750017567,0.86069,0.83951914,2.25,,3,0.3745577541123879,,,4.222,1.7,2.14,5.0079,8140,2.31
shush,0.7337816953659058,-0.2586979568004608,0.0361589321939235,0.3159921724301145,0.78599244,0.83433664,,5.7,5,0.17041422358645616,,,3.944,3.36,3.52,2.1335,95,5.75
swear,0.7335016131401062,-0.3532921075820923,0.1534677502077541,0.2584750344811725,0.8172531,0.84619695,,4.3,5,0.17789241858858937,,,4.812,2.45,2.45,3.6529,2581,7.21
chuckle,0.7317492365837097,0.4841301143169403,0.0508127759481662,0.3834555485639694,0.8501276,0.81727386,,5.0,7,0.4222307089496054,3.685714286,,4.235,3.73,3.82,1.9138,66,6.3
click,0.7315646409988403,0.9033883213996888,0.4477399878153147,0.34498486525008226,0.8788757,0.7828912,4.461538462,6.7,5,0.6942309834046146,2.135135135,,4.118,4.09,4.03,2.5159,220,6.94
speak,0.728285014629364,-0.153627336025238,0.0537902330711945,0.27392968099621573,0.8417399,0.82890415,,4.3,5,0.20948263722510685,,,4.556,2.2,3.7,3.9799,4289,3.56
greeting,0.725311279296875,0.2106776684522628,0.0902330003175105,0.23827407413016255,0.8613228,0.8033721,,3.6,8,0.3420739826888828,,,3.889,,3.62,2.2175,145,6.37
gasping,0.7202082872390747,0.2556202411651611,0.0006213036811028,0.2586318804406244,0.8052785,0.7892547,,,7,0.3254832773617795,,,3.588,,3.14,2.3444,123,
cough,0.7059009671211243,-0.2966343760490417,-0.1339454830794573,0.29098455247768584,0.8019075,0.82513094,2.363636364,6.0,5,0.09177370266420842,2.111111111,,4.0,4.82,4.36,2.6522,334,4.32
voice,0.704923152923584,0.0321858003735542,0.076266365386899,0.28926971979856986,0.8239655,0.825114,0.0,,5,0.2711251062280124,2.066666667,,4.75,3.8,4.13,3.643,2396,4.83
burp,0.7032981514930725,0.0477327592670917,0.0288978731162936,0.2906098869948011,0.85811687,0.6776279,,5.6,4,0.2599762612921526,3.264705882,,3.789,4.73,4.34,1.8261,56,4.67
grunt,0.7022188305854797,0.1430345773696899,-0.0653206474202115,0.36023455556087636,0.84018064,0.83715206,,6.0,5,0.25997758684498606,2.875,,4.471,3.5,3.56,2.0569,87,8.79
apology,0.6894475817680359,0.5579276084899902,0.1065464327138611,0.2963446567558226,0.88803494,0.7204394,,,7,0.4513072076572957,,,3.75,,2.86,2.9058,636,5.56
gasp,0.6846702694892883,0.6633419394493103,0.0619501939701413,0.3259255330707199,0.8719777,0.83256704,,5.363636363636363,4,0.4699874676362466,2.28125,,4.05,4.09,4.15,1.9494,60,8.05
quiet,0.6823941469192505,0.7409428954124451,-0.0516960629108285,0.3674894240240303,0.8844516,0.83266646,1.0,,5,0.45721365980695566,2.060606061,,4.286,3.55,2.76,3.7766,3135,4.15
sob,0.6811166405677795,0.1628557443618774,-0.0587050828048498,0.2774821442637822,0.88200563,0.854826,,4.8,3,0.2617557673749357,1.735294118,,4.118,4.2,3.79,1.8921,75,9.0
human,0.6805382370948792,-0.1236769780516624,-0.1208467300066696,0.33017437431084784,0.8840372,0.85449153,,3.2,5,0.1453381763455157,,,4.056,4.09,4.93,3.8037,2931,4.83
speaking,0.6783003211021423,-0.0798632875084877,-0.0108247301937602,0.2435629158197562,0.81830233,0.7230297,,3.363636363636364,8,0.19587076779996482,,,4.158,,3.83,3.5522,2326,
request,0.6771776080131531,-0.3680567741394043,0.039527027534041,0.25982650431823456,0.8818559,0.7047975,,1.7,7,0.1162159538025966,1.818181818,,3.611,2.18,2.59,3.1156,910,8.74
talking,0.6758309602737427,-0.1896112859249115,-0.0011989080475683,0.3579019883082579,0.8701305,0.85593486,,,7,0.16167358876708762,,,4.944,,3.72,4.4046,6952,
argue,0.6754904985427856,-0.4110349118709564,-0.0063799347470113,0.3152955969174564,0.8732027,0.82877696,0.428571429,3.8,5,0.08602521730827263,,,4.059,3.2,2.75,3.0035,814,4.61
language,0.671363353729248,-0.438556969165802,0.1046360712764391,0.35637196048374664,0.89524984,0.84736794,,3.8181818181818175,8,0.11248081861329505,,,4.75,2.9,2.35,3.2531,1178,6.79
female,0.670929491519928,0.2380227446556091,0.1131448008102985,0.3491021029147857,0.85977894,0.8244594,,3.0,6,0.3406990123286118,2.068965517,,3.684,4.9,4.57,3.2076,1037,5.89
talk,0.668346643447876,-0.5459808111190796,-0.0821058378777297,0.28689116452796115,0.8872706,0.71801627,0.214285714,4.5,4,0.01341999815035555,,,4.5,2.5,4.07,4.6395,7619,3.68
ticking,0.6659596562385559,0.4134614467620849,0.0091695315455855,0.35912582489256323,0.8578544,0.8135348,,,7,0.36286354484874206,,,4.238,,3.97,2.3502,182,
woman,0.6646946668624878,-0.1629928648471832,-0.0611273754936356,0.33255344090864625,0.83619595,0.8122374,-1.2,4.4,5,0.14685814217388968,2.536585366,,4.0,5.3,4.46,4.3457,5925,4.95
sighing,0.6646574139595032,0.7284708023071289,0.0684775497779875,0.3130652894356181,0.88660914,0.84481853,,,7,0.48720192201487317,,,3.947,,3.41,2.0294,77,
slurp,0.6616523861885071,0.7285542488098145,0.0842439231072223,0.31201313545976445,0.8500892,0.83000296,3.785714286,6.4,5,0.4914835193685146,,,4.056,,3.83,1.3617,15,6.76
bang,0.6616471409797668,0.4118161499500274,0.1991629755918096,0.36298059813205535,0.83889914,0.8573433,3.833333333,,4,0.4242087555072012,2.84375,,4.125,3.55,3.77,3.0086,588,5.74
phone,0.6590854525566101,0.5063864588737488,-0.099884388192294,0.3857132376320675,0.86839265,0.8575425,0.083333333,4.5,5,0.355195841079355,,,3.905,4.18,4.86,4.1385,4502,4.11
dialogue,0.6588227152824402,0.4372117817401886,0.2129556855732988,0.35298289101146496,0.84100145,0.7865296,,3.1,8,0.4363300608653092,,,4.576,,3.0,2.3201,149,11.0
lie,0.6583475470542908,0.1072236150503158,-0.0847602401700285,0.27590024235900557,0.7873148,0.7565575,-0.636363636,4.0,3,0.22693697397819268,1.757575758,,4.167,,3.11,3.7877,3353,3.75
sitcom,0.6562079787254333,-0.1025613620877265,0.0452461466718746,0.3152996295778116,0.8940173,0.7686639,,,6,0.1996309211031938,,,4.353,,3.83,1.8976,48,10.05
laugh,0.6549050807952881,-0.056101843714714,-0.0480560338487176,0.2864712514310805,0.846276,0.85393333,0.75,4.545454545454546,5,0.1835824010772855,,,4.294,4.36,4.21,3.5061,1932,3.79
frog,0.6532289981842041,0.9218244552612304,0.3862388712732922,0.3569973869844338,0.8595672,0.85148215,2.181818182,3.8,4,0.6537641082395755,2.44,0.26,3.667,3.64,5.0,2.781,271,4.32
fighting,0.6521644592285156,0.847353458404541,0.0975642641928919,0.3834513528637699,0.7986882,0.84385496,,4.0,8,0.5323607272753161,,,3.684,,3.78,3.5577,2056,
cassette,0.651955246925354,0.8722391724586487,0.0945854113313681,0.2865276955682712,0.8221454,0.83879304,,3.1,8,0.5395932769051236,2.225,,4.263,3.55,4.6,1.9731,71,6.37
sneeze,0.6511777639389038,0.4413910210132599,-0.0328097824861768,0.28942981131207185,0.8682744,0.8103292,1.5,,6,0.3532530008219956,2.515151515,,4.105,4.4,4.03,2.179,103,4.17
monotone,0.6511436700820923,0.4841165542602539,0.2798255909727025,0.4093053383246652,0.8644582,0.82820505,,4.818181818181818,8,0.4716952717716829,,,4.0,,3.07,0.7782,5,11.11
recorder,0.6497181057929993,0.524147629737854,-0.1121437547819293,0.34748882925340324,0.85013527,0.8172431,,3.0,8,0.353907326916308,,,3.895,,4.43,2.4031,178,8.37
clunk,0.6495808959007263,0.8758420944213867,0.4787734103554659,0.37612700281899875,0.88353294,0.8006003,3.928571429,6.8,5,0.6680654668925263,3.344827586,,4.062,,3.26,1.5185,26,8.22
yell,0.646902859210968,-0.3376668393611908,-0.1404174740349095,0.3072314144927177,0.85839295,0.7766246,0.583333333,5.0,4,0.056272848604955905,,,4.263,4.36,3.86,2.9731,731,3.83
crunch,0.6462349891662598,0.7728657722473145,0.1866180142272466,0.3619658276890615,0.8761081,0.7992831,3.785714286,6.4,6,0.5352395918802736,2.857142857,,4.05,3.9,3.36,2.2553,125,5.63
unintelligible,0.6450704336166382,-0.2196642011404037,0.2882490908190327,0.25697780598001885,0.81108564,0.6488742,,3.0,14,0.23788510776508906,,,3.714,,2.07,1.415,17,14.1
spoken,0.6444005966186523,-0.1759545803070068,0.1935849156582087,0.3440484736594948,0.83752656,0.83666384,,3.4,6,0.22067697732328476,,,4.464,,3.28,3.0056,857,
actor,0.6427395939826965,-0.3063620328903198,-0.0550431464911863,0.36147202203892187,0.82288796,0.8306072,,3.5,5,0.09377813820039681,2.434782609,,4.235,2.6,4.57,3.1284,574,7.17
roar,0.6395776271820068,-0.1764578819274902,-0.0236502773809245,0.3259702386144391,0.83923167,0.8540317,3.923076923,6.2,4,0.1464898226245307,2.03125,,4.722,3.5,3.81,2.3139,143,4.79
ridicule,0.6377392411231995,-0.3164356648921966,0.0312111340849806,0.3385382810287564,0.81715953,0.82707125,,3.0,8,0.11750490343866116,,,3.882,,2.07,2.0043,84,11.85
giggle,0.6376118659973145,0.6434205174446106,0.2221317365795691,0.3720176983531227,0.82094353,0.8077633,3.0,5.818181818181818,6,0.5010547066738313,3.391304348,,4.529,3.82,3.72,1.9445,77,5.48
loudly,0.636660635471344,-0.3143195211887359,-0.0993360107898153,0.356227752080905,0.88866216,0.82518023,,,6,0.0743350344975976,,,4.444,,3.12,2.1206,110,
roaring,0.6329428553581238,-0.4831841588020324,-0.1383086375314779,0.3790286429758522,0.8621624,0.84004265,3.25,5.3,7,0.0038166863415378303,,,4.0,,3.5,2.1959,108,
drip,0.6327283382415771,0.8916090726852417,0.5373709015754676,0.3563091548172977,0.78457236,0.76765937,,5.6,4,0.6872361041674289,2.928571429,,4.438,3.58,4.14,2.4183,168,5.89
silly,0.6316383481025696,-0.0706225037574768,0.0434127385794323,0.3644940526610238,0.849787,0.8562267,,5.1,5,0.201476194308175,3.405405405,,3.647,2.9,2.2,3.4643,1845,4.17
poetry,0.6314465999603271,-0.4563813507556915,-0.0352844000154819,0.3582932736885792,0.86157143,0.85754967,1.357142857,3.363636363636364,6,0.046593616396384596,,,4.211,,3.5,2.8344,389,8.11
slam,0.6310531497001648,0.7662144303321838,0.1172376815866355,0.27901197900477037,0.868892,0.83664745,,5.5,4,0.504835087206328,2.333333333,,3.65,4.09,4.0,2.4728,239,6.94
mock,0.6303696632385254,-0.4434342682361603,-0.1119809917450006,0.3761536934292625,0.85987586,0.80615294,,3.636363636363636,4,0.024984801085788155,2.837837838,,3.688,2.5,2.43,2.4393,202,9.05
argument,0.6293044090270996,-0.3113227784633636,0.0750758774763694,0.38636945977080356,0.8200951,0.854071,,4.3,8,0.1310191693467018,,,4.0,,2.85,2.9385,702,7.55
funny,0.6289867758750916,0.1478632986545562,-0.0532091206633646,0.35166200546550946,0.89503616,0.8439908,,2.9,5,0.24121365128876104,,,4.1,4.6,2.5,4.0464,4659,5.47
rude,0.6289618611335754,-0.2906249463558197,-0.0819913997892205,0.38778722891466,0.87315744,0.8158586,,4.916666666666667,4,0.08544850499617841,,,4.056,2.3,2.52,3.0515,885,7.11
whispering,0.6267179250717163,-0.3573584258556366,0.0519723841665589,0.31709522009487384,0.8928603,0.84007996,2.923076923,5.363636363636363,10,0.10711062779421288,,,4.765,,3.37,2.617,274,
laughter,0.6253983378410339,-0.3458802402019501,0.0135769026755918,0.34297663663657507,0.8756853,0.84971833,0.909090909,4.2,8,0.09769833343822522,3.214285714,,4.75,,4.22,2.8482,396,5.39
sigh,0.6236697435379028,0.1138070076704025,0.0113341338873288,0.2594052278764035,0.88493973,0.8373299,2.8,6.8,4,0.24960362836521136,2.535714286,,3.714,3.91,3.89,2.2405,131,7.39
groan,0.6223145723342896,0.2132238149642944,-0.0171360141953408,0.38084757565311633,0.8902093,0.8421905,3.230769231,5.1,5,0.2728007910344144,2.576923077,,4.07,4.1,4.09,1.6812,40,8.7
rattle,0.6208869218826294,0.283951997756958,0.0046783533821534,0.3752736993828587,0.88750553,0.857678,3.272727273,5.6,6,0.3031724243405803,2.575757576,0.01,4.476,3.09,4.07,2.238,142,4.5
moan,0.6203068494796753,0.0748885720968246,-0.0242400952622656,0.25588147711412995,0.7898563,0.85615844,3.714285714,6.0,4,0.2236517754380781,2.666666667,,4.278,4.5,3.72,1.9868,82,7.72
cry,0.6133454442024231,-0.3393994271755218,-0.0936739215423335,0.3348187956028628,0.86362004,0.8243981,0.866666667,,3,0.06009069849485593,1.696969697,,3.812,3.91,4.0,3.5249,1900,2.78
quack,0.6117073893547058,0.7921380996704102,0.1876832927298648,0.3419888242963939,0.8748021,0.81379354,4.076923077,,5,0.530509593918327,,,4.647,4.6,3.93,2.3747,86,5.25
television,0.6114203333854675,0.5097845196723938,-0.1448131432911919,0.3501545671582946,0.8682897,0.7943706,,,10,0.32546390325555646,,,4.471,,4.83,3.238,935,4.11
laughing,0.6093680262565613,-0.3771036565303802,-0.1673599853364282,0.36148472961506284,0.8880569,0.84180355,0.5,5.3,8,0.021634794796584294,,,4.47,,3.96,3.4262,1515,
whine,0.6090943217277527,-0.3740190863609314,-0.1873475746757584,0.32279738210149206,0.8651386,0.8632353,2.666666667,,5,0.015909220230354276,2.833333333,,3.889,3.64,3.4,1.9243,80,5.53
meow,0.6085257530212402,0.603031575679779,0.3258341266948829,0.24607535323470858,0.87245214,0.79456234,3.5,5.8,4,0.5124638184653008,,,4.75,5.09,3.92,2.179,77,4.0
whir,0.6082915663719177,-0.2538421154022217,-0.1047244256264399,0.30343363929289124,0.8828493,0.7819896,,5.5,4,0.08324167511441871,,,4.143,,2.62,0.7782,4,10.38
poem,0.6080945134162903,-0.2127981930971145,-0.0749694349429326,0.286854970951158,0.7815977,0.8567885,,4.0,4,0.10677562845874773,2.212121212,,4.4,4.56,4.03,2.8432,314,6.89
hiss,0.6076968312263489,-0.2227695137262344,0.0133567168644954,0.22447521130369394,0.87438923,0.8355761,4.153846154,,4,0.1327613447882033,,,3.941,3.33,3.6,1.6812,25,6.33
growl,0.6067338585853577,0.0362504459917545,-0.1300436082416477,0.3156524440429384,0.88657945,0.831628,2.923076923,6.3,5,0.17098023211182148,,,4.312,4.17,4.3,1.7076,44,5.79
buzz,0.6066136360168457,-0.5304790735244751,-0.1816678863830386,0.2757661637722571,0.8458873,0.833623,3.692307692,6.7,4,-0.03517777463022265,,,3.588,4.64,3.7,2.9112,383,7.1
whisper,0.603699266910553,-0.1468862146139145,0.048689406948404,0.2919819048038793,0.8586211,0.83134806,2.538461538,,7,0.1685008197483475,2.6,,4.562,4.09,4.34,2.6064,300,4.26
drill,0.6028761863708496,-0.568684458732605,-0.1254126338632977,0.3393274032519506,0.8754314,0.74014854,0.909090909,5.3,5,-0.03040696874168436,,1.49,3.684,3.09,4.4,2.8463,466,7.14
creature,0.6005072593688965,0.2275358885526657,-0.1980558524140378,0.32702426799889006,0.8889467,0.76979685,,3.909090909090909,8,0.20999576516917481,,,3.733,4.2,4.07,3.0386,657,7.32
chant,0.6001856327056885,-0.4062803387641907,-0.2246724616766486,0.3912236421011197,0.8520245,0.8511919,,4.9,5,-0.010255722578383586,2.166666667,,4.316,3.0,4.0,2.0682,82,6.88
ringing,0.5949308276176453,0.2292130142450332,-0.2112593522181307,0.35902123459189694,0.8636212,0.85598874,,,7,0.20429482988151593,,,4.368,,3.86,2.9542,574,
insult,0.5949225425720215,-0.4443266689777374,-0.1203951109073804,0.2975753626559549,0.87450093,0.83992416,0.833333333,3.5454545454545454,6,0.010066920895634546,1.916666667,,3.647,3.73,2.79,2.8062,536,8.63
politics,0.5947540402412415,-0.3343225419521332,0.1450453772035439,0.334072084347519,0.8452805,0.7796654,,2.4,8,0.13515895849755075,,,3.824,,2.66,2.9274,529,9.37
saying,0.5945549607276917,0.280815064907074,0.1942907986365549,0.30926253374033313,0.876863,0.84862447,,3.5,6,0.3565536080904402,,,4.333,2.2,2.58,4.1725,5819,4.95
word,0.5930453538894653,-0.4096136391162872,0.020943199943442,0.33166197982542456,0.8879704,0.80544645,,3.2,4,0.06812497157220672,2.09375,,4.176,1.42,3.56,4.0797,5147,4.42
hum,0.5911976099014282,-0.6044716238975525,-0.1051914855843892,0.3136218766229467,0.83128005,0.79212916,3.769230769,5.3,3,-0.039488499860171146,,,4.476,4.6,4.62,2.3927,142,5.8
lion,0.5907106995582581,-0.3686064481735229,-0.0695423986874085,0.3262543981670841,0.86071503,0.80725896,-0.352941176,3.25,4,0.0508539508991089,2.108108108,2.47,3.882,5.0,4.96,2.8943,328,4.42
gargle,0.5900522470474243,-0.4285444617271423,0.0187657898672323,0.34412325842384306,0.82790697,0.84169143,,5.6,6,0.060091191729171455,3.264705882,,3.579,3.1,4.31,1.4914,27,8.58
radio,0.5890863537788391,-0.470668226480484,-0.1911700800807818,0.3812248609546183,0.8917594,0.83448964,0.583333333,,5,-0.02425065092747558,,-0.07,4.722,,4.74,3.5952,1624,5.17
thud,0.588487982749939,0.9358782768249512,0.4875155094764921,0.3575665026155938,0.840309,0.7850819,3.384615385,6.3,4,0.6706272563504608,3.081081081,,4.684,3.2,3.2,2.0,72,8.06
snore,0.5870274305343628,-0.4457472860813141,-0.2529769659758737,0.2744572995899169,0.8462419,0.84662515,2.769230769,,5,-0.03723227384094167,2.962962963,,4.556,3.92,4.39,1.9191,72,5.94
recital,0.5864556431770325,-0.3388985693454742,0.191145826922058,0.27351786520842614,0.87253,0.8209805,,,7,0.14623430025120543,,,4.606,,3.86,2.179,75,6.95
explode,0.5855304002761841,0.1449994295835495,-0.0010329767599591,0.2674583091257512,0.8902081,0.7745305,2.727272727,5.454545454545454,7,0.24316561769992484,,,3.632,5.2,4.1,2.699,409,7.0
pop,0.5849622488021851,0.8867826461791992,0.4893790860614949,0.31174886612696606,0.8870475,0.74034923,4.076923077,6.4,3,0.6537079936809597,3.294117647,,3.667,4.64,4.22,3.5368,1548,4.48
whoosh,0.5841974020004272,0.1775055974721908,0.1300087318393557,0.336127906972678,0.8507238,0.8378866,,,6,0.2972372437706579,,,3.6,,2.64,1.7853,42,
babble,0.5837880373001099,-0.4337187707424164,0.053039442785043,0.3236296358394126,0.85769,0.824714,3.538461538,,6,0.0677029031142455,3.161290323,,4.0,3.2,3.31,1.6532,41,7.17
gurgle,0.5826038718223572,-0.2828534841537475,-0.0589980108177738,0.38493209271799816,0.88614863,0.8280368,4.416666667,5.5,6,0.08025079228361197,,,4.2,,4.31,1.1139,9,7.74
humor,0.5820949077606201,-0.0752672255039215,-0.0189092084205221,0.34670251096524446,0.8612867,0.86912435,-1.083333333,3.4,5,0.1626394912787255,,,4.0,4.22,2.26,2.9294,675,7.17
snap,0.5813090801239014,0.8007770776748657,0.2037645609112125,0.38111479948420135,0.8527253,0.81077904,,6.4,4,0.5286169062366598,2.416666667,,3.737,3.55,4.1,2.9484,656,6.05
person,0.5787857174873352,-0.3376004099845886,0.0616776655488575,0.3486315356875249,0.7842665,0.84856755,-0.2,4.3,6,0.1009543243505347,2.189189189,,3.818,4.3,4.72,4.0357,4712,4.67
answer,0.5784541964530945,0.8543559312820435,0.0975985087601325,0.25635703209610755,0.8780442,0.8345773,0.5625,4.2,6,0.5101362121650902,2.175,,3.824,1.9,2.89,3.9536,4344,5.43
humorous,0.5775313973426819,0.0681776478886604,0.0412374943022836,0.22949548330551847,0.80403125,0.59216565,,4.6,8,0.22898217984454194,,,3.941,,2.23,1.8808,67,8.56
hammering,0.5765883326530457,0.0184032879769802,-0.0437404938679512,0.3103972337530468,0.85857654,0.844073,,,9,0.1837503755873582,,,4.526,,3.85,1.9085,63,
footsteps,0.5763126611709595,0.4387823641300201,-0.0637995999376617,0.2698392316490704,0.86751753,0.47152013,,,9,0.31709847512110595,,,4.471,,3.96,2.5092,240,6.46
shattering,0.575271487236023,0.1729208976030349,-0.1367746698441679,0.31088575898141,0.7278344,0.7376431,,,10,0.20380590499829665,,,3.588,,3.43,1.6021,36,8.0
chat,0.5750133991241455,0.906051218509674,0.2084995101953705,0.3493466688924969,0.84907603,0.79204106,,4.4,4,0.56318804260973,2.413043478,,4.297,2.4,3.66,2.9196,644,7.33
warn,0.5750124454498291,0.474257081747055,0.0521696613431513,0.24870671171833536,0.87905484,0.85018206,,4.0,4,0.3671463961800118,,,3.667,2.1,2.89,3.1119,1025,5.74
alarm,0.5738929510116577,-0.3212273120880127,-0.0670198059617009,0.25500586661275726,0.8186574,0.8646175,1.090909091,4.6,5,0.06188194432064805,1.827586207,,4.1,5.11,4.47,3.1827,898,6.39
noise,0.5734317898750305,-0.3800909519195556,-0.253996691361829,0.3471267988480918,0.87546706,0.8478213,0.909090909,,5,-0.02021861780211805,,,5.0,3.73,3.52,3.2504,1252,4.5
interview,0.5728421807289124,-0.1097072958946228,0.0402742009878353,0.2795797364780337,0.85940826,0.85274243,0.6,3.4,9,0.16780302860737495,,,3.667,,3.36,3.1778,815,10.53
creaking,0.5722377300262451,-0.5194563865661621,-0.0721549887908477,0.3901555291199253,0.8837053,0.8427075,2.0,,8,-0.006457881776921563,,,4.378,,3.36,2.1553,72,7.74
jet,0.5720506906509399,-0.6643612384796143,-0.1679131666574891,0.32256941863630184,0.84024024,0.79132515,0.833333333,3.9,3,-0.08674123816205448,2.068965517,2.45,3.722,4.33,4.77,2.8585,413,5.39
beep,0.5717822313308716,0.59017014503479,0.0781941919564608,0.2634997555095071,0.8681794,0.6797942,4.357142857,6.0,4,0.4133821894407075,2.615384615,,4.765,,4.0,2.5224,209,5.32
knock,0.5692592859268188,0.6888402700424194,0.0806196224362957,0.3415588383303188,0.8669128,0.81509477,3.0625,,5,0.44623972613517804,2.648648649,,3.824,3.64,4.24,3.5185,2088,4.63
gunfire,0.567209005355835,0.6398386359214783,-0.1410356600104,0.268716083859525,0.87259644,0.8237887,,4.1,7,0.35533732708897103,,,4.368,,4.66,2.4265,160,7.52
donkey,0.5664438605308533,-0.3570473194122314,-0.2410395214818791,0.33655760958574643,0.88699234,0.85389173,0.842105263,3.7,6,-0.01054766012108573,3.315789474,1.72,3.6,3.8,5.0,2.4378,162,6.0
expletive,0.5656481385231018,-0.3436795771121979,0.0377828164909651,0.32681424384065144,0.8483571,0.78677857,,3.8,9,0.08658379263395634,,,3.938,,2.35,1.1461,5,12.85
men,0.5647578239440918,-0.3953097760677337,-0.1886906443978624,0.3559969271695009,0.8798336,0.80330235,,4.3,3,-0.006414198840501428,,,3.706,2.6,4.75,4.279,4996,
hush,0.5634207725524902,-0.483671486377716,-0.206477304811627,0.3181298969368083,0.8461609,0.8454541,2.230769231,5.8,4,-0.04224267287895093,,,3.829,2.58,3.04,2.5899,274,4.44
mantra,0.5628404021263123,-0.3063004612922668,-0.109900682650222,0.3632105102844529,0.83144283,0.84998524,,,6,0.04887975272794115,,,3.706,2.82,2.73,1.6435,27,13.74
shout,0.5621312260627747,0.2365856319665908,-0.0525889857018734,0.4013615872957216,0.86362606,0.8100438,,5.0,5,0.24870929077583068,,,4.111,3.36,4.17,2.9243,461,4.72
cracking,0.5617749094963074,0.1469197124242782,-0.0315239921804735,0.15384658210405322,0.85301507,0.8545457,,,8,0.22572354324670404,,,4.316,,3.8,2.4829,261,
dog,0.5594825148582458,0.846733570098877,0.1002235116725756,0.32082143368652727,0.8585902,0.77985686,1.272727273,2.5,3,0.5021465322098995,,1.94,4.118,3.9,4.85,3.9928,3049,2.8
audio,0.5583338141441345,-0.2691831588745117,-0.2186839078765306,0.24009954634584202,0.83027506,0.83509016,,3.3,5,0.023488915797697407,,,4.944,,3.5,2.4548,188,9.32
profanity,0.557514488697052,-0.3461151719093323,0.0614628070521146,0.3079954963482892,0.82364166,0.7390537,,3.0,9,0.09095404127994478,,,4.4,,3.04,1.5798,34,10.58
flatulence,0.5564900040626526,0.7161257266998291,-0.1005323574441951,0.27343483831049176,0.85830164,0.6975482,,,10,0.39069445777276224,,,3.867,,3.88,1.4624,21,13.5
son,0.5559534430503845,-0.3803717195987701,-0.1642736814645467,0.346366520305824,0.8485011,0.82973635,,3.4,3,0.0037693473290225654,,,3.75,2.36,4.14,4.3212,5145,3.78
rattling,0.5525082945823669,0.4143953621387481,-0.0043734995683153,0.4304057257908181,0.8641846,0.8405291,,6.0,8,0.3208433857175999,,,4.714,,3.66,2.1614,104,
refusal,0.5517186522483826,-0.2742444276809692,-0.2751647038073814,0.3359234771904161,0.86932725,0.8481254,,2.5,7,0.0007698402533439971,,,3.75,,2.81,1.8261,62,8.37
knocking,0.5514107942581177,0.1455399990081787,-0.1136804422612131,0.403528985946346,0.77422345,0.86098236,,,8,0.19442345033502775,,,4.706,,4.29,2.8808,566,
humming,0.5512558817863464,-0.4744117558002472,-0.2669811735736518,0.3416271930907915,0.84061855,0.859461,4.466666667,5.909090909090909,7,-0.06337901586251753,,,4.529,,4.17,2.4014,174,
telephone,0.5497033596038818,0.1250501871109008,-0.1355229272499042,0.39994853560778204,0.8691594,0.790307,-0.3,,9,0.17974353982162614,,-0.33,4.15,,4.96,3.218,984,4.63
outside,0.549503743648529,0.0029841437935829,-0.2025716087958445,0.2511677395263101,0.85123086,0.8093908,,3.9,7,0.11663875954875581,,,3.579,,4.25,3.9381,4429,3.58
firecracker,0.5482528209686279,0.2209890484809875,-0.0543187515866312,0.22727149990037745,0.8565239,0.5328581,,,11,0.23830770595432807,,,4.4,,4.68,1.7404,50,5.56
recording,0.5442823171615601,0.7039200663566589,0.1311526458199983,0.35477482510667724,0.83316964,0.8266199,,3.8,9,0.4597850097794058,,,3.9,,3.68,2.8745,371,7.0
comedy,0.5410319566726685,0.8332579731941223,0.0661605060836413,0.3707239745983257,0.8873725,0.8606843,1.0,4.5,6,0.48015014531681066,,,4.053,,3.1,2.7803,322,8.11
gun,0.5384845733642578,0.0186338350176811,0.0157484764488207,0.2737697720155203,0.85780835,0.7276247,0.5,3.8,3,0.1909556282769199,1.44,1.31,3.7,3.36,4.83,4.0364,2976,5.58
silent,0.5377311110496521,-0.5626258850097656,-0.1177435308328634,0.39974800101108426,0.85543376,0.8497574,-2.166666667,3.6,6,-0.047546101597658964,1.911764706,,4.0,3.55,3.67,3.0697,785,4.42
stereo,0.5372500419616699,-0.1802338510751724,-0.1812456403473547,0.29252460582456064,0.8966321,0.7841528,1.3,3.2,6,0.0585901835130476,,0.35,4.167,,4.63,2.4843,216,5.95
ding,0.5362107753753662,0.8730173110961914,0.0990088207649566,0.289708256227572,0.8827412,0.74085253,,6.2,4,0.5027456357455048,,,4.647,,3.65,2.4886,131,
sport,0.5332773327827454,0.7023810148239136,0.0333291980373027,0.31587151978056227,0.8642961,0.83332115,1.384615385,3.3,5,0.4229958485479872,2.233333333,,4.0,3.0,3.48,3.0069,665,5.74
amplifier,0.531659722328186,-0.1604376435279846,-0.3509488505013036,0.2794576170067069,0.8679284,0.6268796,2.0,3.6,9,0.006757742766299295,,,4.176,,4.79,1.2304,15,11.35
shooting,0.5309615731239319,0.2167977392673492,-0.0048234277927529,0.3343569516809355,0.85489583,0.8568043,,,8,0.24764529486617604,,,3.688,,3.85,3.4582,1552,
growling,0.5297742486000061,0.8698470592498779,-0.0630823128041498,0.40406788954828116,0.885046,0.8666013,2.642857143,,8,0.4455129983485781,,,4.667,,3.82,2.3636,89,
me,0.5296079516410828,0.1386678218841552,-0.0182148407195996,0.35025052838388765,0.8829883,0.8050754,0.6,4.9,2,0.21668697760187947,,,3.973,2.33,4.33,5.6733,8355,3.28
pleading,0.529371976852417,0.3463820219039917,-0.0589105977101154,0.45211790602924634,0.84794754,0.8125465,,4.2,8,0.2722811336820978,,,4.15,,2.6,2.0682,102,
muffled,0.5284055471420288,0.7780629396438599,-0.0054462432815819,0.3536914531662343,0.8700377,0.8599105,3.0,,7,0.4336740811681022,,,4.2,,3.04,2.1987,104,9.06
noisy,0.5236113667488098,-0.1690765768289566,-0.1151178084282718,0.38230446618960007,0.8679424,0.8605177,1.4,,5,0.0798056604971938,,,4.752,,3.56,2.4116,221,5.33
city,0.522990345954895,-0.5860718488693237,-0.2801596279382192,0.3560146586471455,0.8045172,0.81385547,-0.285714286,,4,-0.11441371028421599,2.0625,,4.118,4.2,4.79,3.9358,3321,6.56
real,0.5221144556999207,0.7023990154266357,0.1097721495465301,0.33801961870453623,0.88799614,0.80838966,0.923076923,,4,0.44476187355769553,,,3.818,,2.5,4.3538,6453,4.95
cooing,0.5215634107589722,-0.4400181770324707,-0.1581859478783706,0.4202406550947873,0.8460309,0.85815877,4.076923077,,6,-0.02554690471728971,,,3.818,,3.82,1.3979,19,
bark,0.5202414393424988,0.8366402983665466,0.1387326598751001,0.3503766871100076,0.877839,0.7710443,-0.066666667,6.1,4,0.49853813252804846,2.676470588,,4.056,4.64,4.52,2.4487,207,5.17
accent,0.5187411904335022,-0.2943519949913025,-0.332808142802048,0.3234134123427362,0.8963633,0.82296944,,,6,-0.036139649119949414,2.352941176,,4.053,4.27,3.26,2.7938,447,8.6
whistle,0.5187013745307922,0.479250818490982,0.1180837662312882,0.3331862947892052,0.83939785,0.84513545,2.153846154,,7,0.37201198641768746,,-0.12,4.875,4.18,4.42,2.8971,473,5.42
jingling,0.5164595246315002,0.3067309856414795,0.0278762283635537,0.4080971783510093,0.8566621,0.85979885,2.916666667,,8,0.28368891287884446,,,4.684,,3.38,1.5798,31,
call,0.5155764818191528,0.1083972826600074,-0.140404565338223,0.2791775848435338,0.8878224,0.80707085,0.416666667,,4,0.16118973304697906,2.0,,4.55,2.64,4.0,4.6428,7556,4.74
feedback,0.5153762698173523,-0.0053795021958649,-0.2639390853560185,0.38068402365782605,0.89757466,0.81469214,,2.5,8,0.08201922742182295,1.96969697,,4.053,,2.48,2.1492,101,10.7
typewriter,0.5144171118736267,0.5302656888961792,-0.0549664352672162,0.3685731891080111,0.85408574,0.7481775,1.818181818,,10,0.3299054551675299,,0.33,3.611,,4.88,2.2095,92,6.74
fireworks,0.5143757462501526,0.0361966118216514,-0.1604981397231813,0.25874096918017375,0.82642084,0.669217,1.9,,9,0.13002473944954088,2.294117647,,4.588,,4.86,2.4594,174,4.95
horn,0.5142919421195984,-0.2127126008272171,0.0214499112644574,0.2730242395627242,0.8162465,0.8499835,1.3,3.8,4,0.10767641751894623,2.627906977,,3.882,4.42,5.0,3.0318,586,4.84
automobile,0.5135133266448975,-0.0422800369560718,-0.1903148208587915,0.23167567174214135,0.84772277,0.74535054,,4.4,10,0.09363948961001138,,,3.706,,4.96,2.4654,193,7.11
insect,0.5131292939186096,0.5446972846984863,-0.1926990020054046,0.30273588040413546,0.845066,0.8084925,,3.4,6,0.2883758588705638,2.233333333,,3.789,4.11,4.89,2.2095,109,4.75
loud,0.5127915143966675,-0.2839471697807312,-0.2612867052240009,0.35825896482587316,0.86535513,0.85639894,1.2,5.7,4,-0.010814120202688201,,,4.68,4.18,3.73,3.3079,1506,4.54
cannon,0.5118384957313538,-0.2033042013645172,-0.1049866056565131,0.416401114074529,0.86528426,0.8230063,0.666666667,3.7,6,0.06784922957010782,,2.35,3.8,3.27,4.79,2.6484,255,7.9
screaming,0.5107213854789734,-0.227402463555336,-0.2938501192166554,0.2990289635624068,0.8493612,0.8358449,2.083333333,5.5,9,-0.0035103990976726638,,,4.688,,3.96,3.2891,1201,
rumbling,0.5080865621566772,-0.4015240371227264,-0.0733739580752411,0.38592567720309295,0.84994185,0.8555363,3.285714286,5.2727272727272725,8,0.01106285565290325,,,4.158,,3.0,2.1139,76,
crying,0.5067556500434875,-0.5338857173919678,-0.1904736242600108,0.36602202488559377,0.8486092,0.8588632,0.153846154,4.454545454545454,6,-0.07253456386949701,,,3.824,,4.48,3.433,1664,
boom,0.5060460567474365,-0.2197816967964172,-0.0593804883504523,0.3292038996665795,0.85099375,0.8615897,3.846153846,6.7,4,0.075627957200189,2.829268293,,4.824,3.36,3.66,3.0465,585,5.56
sobbing,0.503633975982666,0.021575953811407,-0.0885746942528817,0.3459587184295419,0.85940045,0.8333169,,,7,0.14554507851373044,,,3.7,,3.26,2.42,157,
coach,0.5025705099105835,0.2194707542657852,-0.0513747311927896,0.37415877978031903,0.8430855,0.8394207,,,5,0.22355551099452634,2.342857143,,4.0,2.33,4.12,3.3856,599,6.89
album,0.5020260810852051,-0.1148559227585792,-0.0692559812805606,0.3340977672301784,0.87895405,0.8476704,,2.1,5,0.10597139234868842,2.257142857,,4.056,3.64,4.69,2.7185,273,6.72
bellow,0.5015279054641724,-0.6721575856208801,-0.1354193051598727,0.40599722191972043,0.86744726,0.82615733,,4.2,6,-0.10201632843886015,3.096774194,,3.733,,3.42,1.3802,21,11.11
sound,0.5003665685653687,0.6437102556228638,-0.1939329336018562,0.33169228973670684,0.88417697,0.82821614,0.833333333,4.0,5,0.3167146301954587,2.375,,5.0,4.27,3.7,3.8642,4069,3.72
motor,0.4997780323028564,-0.5351336598396301,-0.2648784796087473,0.39667897520705836,0.86388046,0.8143005,,4.7,5,-0.1000780357151737,2.341463415,,3.889,4.6,4.84,2.8274,470,7.42
cellphone,0.4992602169513702,-0.0216416232287883,-0.0622722075880671,0.20085199822142952,0.8413801,0.60847425,,,9,0.1384487953781716,,,4.222,,5.0,2.1987,100,14.67
silence,0.4979614615440368,0.2612698972225189,0.0662203847194143,0.14767214590285796,0.863389,0.7111661,,4.8,7,0.27515058116199004,1.676470588,,4.0,,3.33,3.1123,884,4.6
arcade,0.4979026317596435,0.3433939516544342,-0.0859548526543623,0.3307694553704523,0.8659862,0.8415085,,3.3,6,0.25178057691990513,2.771428571,,4.188,3.27,4.74,2.0492,71,7.79
bass,0.4966147840023041,-0.0540260002017021,-0.0182596689376269,0.24694528703480717,0.8516587,0.83755517,,4.6,4,0.14144303828765836,,,4.053,2.64,4.31,2.5866,224,8.63
tone,0.4958399832248688,0.7907603979110718,0.0196566935512089,0.31680998751622863,0.87027687,0.8607572,,,4,0.43541902489571643,2.458333333,,4.5,3.55,3.07,2.935,640,7.67
squeaky,0.4954148232936859,0.8167328834533691,0.0692513732724591,0.29722035999954355,0.82844853,0.80247355,,,7,0.4604663600065047,,,4.353,,3.07,2.0086,74,4.63
howling,0.4930372536182403,-0.4855976402759552,-0.164570760430375,0.34564551891868106,0.8500787,0.86519897,3.545454545,6.0,7,-0.0523770490293633,,,4.25,,4.19,2.2648,124,
someone,0.4921522736549377,0.3155428469181061,-0.0206458144655769,0.3297244657146599,0.8570462,0.8274791,,4.0,7,0.26234976870248894,,,3.684,1.82,3.71,4.357,6749,4.92
automotive,0.4909715354442596,-0.0298143457621336,-0.2691673610206662,0.36588375445786325,0.84156555,0.83449346,,,10,0.06399660955381993,,,3.625,,4.19,1.5315,25,7.89
creaky,0.4896272122859955,-0.4889970123767853,-0.1002679087273423,0.3632506013795947,0.8072001,0.83646095,,6.0,6,-0.03321256960604402,,,4.125,,4.07,1.1139,12,6.89
drilling,0.4886702597141266,-0.5915816426277161,-0.2173229445743958,0.3670174267674474,0.89533454,0.8419468,,5.1,8,-0.10674477582932844,,,3.7,,4.14,2.0719,87,
sarcasm,0.4871177673339844,0.0846209973096847,0.2004595383991924,0.1803011885021843,0.7989314,0.4371614,,2.8,7,0.25739943434762047,,,4.444,,1.63,2.1673,129,9.06
tapping,0.4866727292537689,0.4880217015743255,-0.0203002298882779,0.3340839622593431,0.8833219,0.7922628,,5.4,7,0.3181314003132722,,,3.684,,4.4,2.2175,123,
cartoon,0.4864360988140106,0.4392082095146179,0.087765658847846,0.3569814283684444,0.7718653,0.8249998,,2.5,7,0.3378033223921582,,,3.75,4.1,4.33,2.2856,133,3.11
buzzer,0.4864087998867035,-0.5149197578430176,-0.2310131890405126,0.3582018242982703,0.88319665,0.8030598,4.090909091,5.3,6,-0.08650804899894222,2.833333333,,4.368,,4.66,2.3054,135,5.72
bell,0.4849401116371155,0.7763993740081787,0.0326871089055011,0.3290647937030992,0.8941115,0.8246998,1.181818182,4.2,4,0.4313421981835985,1.757575758,,4.056,3.91,4.96,3.3025,1035,3.89
baby,0.4843504726886749,-0.4592005610466003,-0.1448225918629169,0.35458153202211323,0.8974736,0.81082666,2.230769231,4.181818181818182,4,-0.03989089340694744,2.555555556,,4.048,5.4,5.0,4.4146,5088,3.84
thudding,0.4840550720691681,0.1835133880376815,0.0994169866915979,0.33873722606048146,0.87789625,0.8505034,2.666666667,,8,0.2556618155994825,,,4.222,,3.59,1.5051,23,
moaning,0.4829733073711395,-0.3513806164264679,-0.1804436419278953,0.36116271278190065,0.7561812,0.8393279,2.916666667,,7,-0.016283650327741223,,,4.55,,3.76,2.3909,180,
tinkle,0.4811396896839142,0.4792580604553222,-0.0975626388881564,0.37282182097119576,0.83922493,0.8266056,3.0,5.5,6,0.28761170375036,3.962962963,,3.933,4.18,3.52,1.6812,35,5.67
communicate,0.4810588955879211,-0.5088340044021606,0.0725620779942118,0.29013416095246836,0.8750612,0.77089345,,2.6,11,0.014928989726657405,,,4.474,,3.43,2.6385,338,7.63
reverberation,0.4790941774845123,0.1673189103603363,-0.2040371179257716,0.14284142527968724,0.8249801,0.45882845,,,13,0.14745865663969235,,,3.824,,2.68,0.699,3,14.82
explosion,0.478703886270523,0.2241904735565185,-0.2329041323571387,0.345961185343137,0.86020446,0.78686124,3.545454545,5.1,9,0.15666340915663426,,,4.0,,4.52,2.9253,467,7.16
rustling,0.4786050021648407,-0.3812838494777679,-0.1403495592358576,0.3031991352134109,0.8202363,0.8572306,2.416666667,,8,-0.014342802182928271,,,4.0,,3.41,2.0128,62,
umpire,0.4784074127674103,0.4123857021331787,-0.1621863376618329,0.3119955014906868,0.88143927,0.85373765,,3.0,6,0.24286892574625205,,,4.278,,4.27,1.7404,30,7.56
cowbell,0.4750381708145141,0.8803176283836365,0.0483518769794062,0.33960499505682423,0.86465687,0.8634517,,4.3,7,0.4679025587258523,,,4.263,,4.8,1.0414,8,7.42
gunshot,0.4736983478069305,0.4151791632175445,-0.2118769300847075,0.3641178090738805,0.88660145,0.8408659,1.1,5.4,7,0.2256668603132558,1.25,,4.238,,4.93,2.7168,310,6.78
singing,0.4723781645298004,-0.3911220729351043,-0.2045680712043763,0.23478475891807393,0.8485177,0.842974,,,7,-0.04110399320322674,,,4.778,,4.2,3.3583,1194,
plead,0.4710522592067718,0.3241534829139709,-0.0306983108691419,0.3888986347210299,0.8779947,0.79979503,,3.9,5,0.25483581041720027,,,4.235,2.73,2.59,2.5539,249,10.22
bleating,0.4704908430576324,-0.0949030220508575,-0.2354069937156555,0.31098681359974545,0.869646,0.84201854,1.714285714,,8,0.04672694243037314,,,3.786,,3.52,1.1139,11,
percussion,0.4694376289844513,0.7593813538551331,-0.1039038895379405,0.3222018952815317,0.78145254,0.8498028,,3.636363636363636,10,0.3749716977672146,,,4.706,,3.52,1.4771,22,10.47
bird,0.468905508518219,-0.1424149721860885,-0.1292731954966303,0.31566802269864236,0.88520336,0.75866914,0.727272727,3.4,4,0.06573911361183339,2.689655172,,3.68,3.6,5.0,3.3653,1196,3.52
destruction,0.4667218923568725,-0.2938360273838043,-0.2625904560262468,0.2732754634751904,0.8686222,0.67628217,,,11,-0.029901530351059562,,,3.714,,3.21,2.7694,447,7.62
announcement,0.4661751091480255,0.1841312050819397,-0.1963824545135279,0.37623765057460384,0.836454,0.8084816,,,12,0.15130795323881244,,,4.611,,2.79,2.721,440,7.75
beeper,0.4658229947090149,-0.4105605781078338,-0.0107675159850719,0.2895079342795253,0.8681501,0.78330576,,5.7,6,0.014831633538703056,,,3.864,,4.77,2.1614,74,10.61
rhythm,0.4634387195110321,-0.3557410836219787,-0.0512961808518369,0.40060734854981245,0.8831499,0.85950506,1.384615385,3.9,6,0.0188004850124055,2.382352941,,4.0,4.18,3.07,2.7459,333,7.16
doorbell,0.4620643258094787,0.6689571142196655,-0.1921125269054161,0.40802416815134984,0.87823486,0.85174185,,4.4,8,0.31296963770790936,2.193548387,,4.706,,4.82,2.6294,269,5.05
song,0.4614591002464294,-0.4233669638633728,-0.203906524449932,0.31478638268745995,0.9035659,0.86489874,-0.3,3.4,4,-0.05527146268895846,2.0,,4.889,4.4,4.46,3.6793,1946,4.26
reggae,0.460143506526947,0.0551096573472023,-0.0441434662056907,0.36403533425989865,0.88316,0.8158005,,4.1,6,0.1570365658894862,2.432432432,,4.467,4.0,3.41,1.699,26,11.56
chatter,0.4591473042964935,-0.5231141448020935,-0.1962790096569567,0.3841966473816783,0.865077,0.83010674,,,7,-0.08674861672085223,2.756756757,,4.722,,3.33,2.3784,185,7.56
thunderstorm,0.4585247635841369,0.0253978036344051,-0.2246974107756273,0.26582384858600716,0.8724096,0.49561045,,5.142857142857143,12,0.08640838548097157,,,3.9,,4.83,1.5185,30,7.0
joke,0.458510547876358,-0.4015750288963318,-0.1297586616269175,0.37134888017658463,0.89750427,0.8130558,0.545454545,4.3,4,-0.02427438088229711,3.638888889,,4.632,,2.9,3.5711,2158,5.2
cluck,0.4577357172966003,-0.4232110977172851,0.017538458021929,0.35208421187384026,0.82052886,0.8016706,,5.454545454545454,5,0.017354359200414726,,,4.455,3.0,3.33,1.8692,39,5.22
pager,0.4576729834079742,0.2430246621370315,-0.0189794149809747,0.2549416901633409,0.8666763,0.8222563,,3.3,5,0.22723941018801033,,,3.647,,4.57,2.1703,107,10.11
parade,0.4554218649864197,-0.1998618841171264,-0.2384784057424724,0.39308901672485924,0.8707219,0.83422196,0.5,3.8,6,0.005693858375606949,2.575757576,,3.632,4.2,4.54,2.8182,421,6.53
barking,0.4536973834037781,0.8637005090713501,0.0168804341210506,0.36478167214840623,0.8805069,0.85227865,3.333333333,,7,0.44475944219872626,,,5.0,,4.19,2.6628,258,
train,0.4532586634159088,-0.5797740817070007,-0.2463169639854666,0.40358831969498354,0.87563175,0.82273895,-0.090909091,2.3,5,-0.12427746075885282,2.166666667,2.29,4.211,4.45,4.79,3.6857,1760,4.0
woodpecker,0.4528972804546356,-0.1664946377277374,-0.0191335124699989,0.2824951990337066,0.8503644,0.70884866,2.8,,10,0.08908971008563311,,1.41,3.667,,4.93,1.7076,22,6.5
conversation,0.4520609080791473,0.1875751316547393,0.0307042731268385,0.178213819738775,0.8360543,0.35255644,,,12,0.223446770953575,,,4.533,,3.28,3.4055,1789,7.79
cymbal,0.451515793800354,0.1369184702634811,-0.1524856583796944,0.334030400945156,0.88482916,0.861858,,,6,0.1453162018947136,,,3.758,,4.92,1.1461,11,9.94
sizzle,0.4495566189289093,-0.0766125470399856,-0.1395177549600112,0.3668874880318063,0.85514545,0.83529663,3.818181818,,6,0.0778087723096375,,,4.059,4.09,3.48,1.5185,28,8.16
notification,0.4465633928775787,0.6898581385612488,-0.1021813775244889,0.2564462943136884,0.8736877,0.7129529,,,12,0.34474671797144624,,,3.778,,3.34,1.5051,28,9.44
owl,0.4464995265007019,-0.5762767791748047,-0.1891754420444464,0.2962927175531174,0.8745502,0.7927347,0.090909091,,3,-0.10631756490618305,2.441176471,0.85,3.941,3.45,4.93,2.4579,137,6.21
excitement,0.4463034868240356,0.6394355893135071,0.0723489020144288,0.1457299565342224,0.85375816,0.7845572,1.461538462,4.4,10,0.38602932605065715,,,3.684,,2.48,2.7987,523,7.2
people,0.4446741938591003,-0.6361114978790283,-0.355005861559409,0.3887354285391555,0.8114603,0.82293886,0.6,3.4,6,-0.18214772185977898,2.194444444,,3.722,4.64,4.82,4.7501,7889,3.52
whistling,0.4371029436588287,0.4027511179447174,0.0331260989885553,0.3175779536622631,0.853518,0.8576493,3.0,5.6,9,0.2909933868640338,,,4.105,,4.19,2.4183,179,6.32
howl,0.4367433488368988,-0.4116587042808532,-0.0431335895988737,0.2982604663193504,0.8661038,0.82407737,4.0,,4,-0.006016315014276037,,,4.6,3.83,3.83,2.0253,75,5.55
sarcastic,0.4355879426002502,0.0424774736166,-0.1121561509650952,0.29481255558835506,0.8541037,0.6317869,,4.2,9,0.12196975508391833,,,3.8,,2.18,2.1271,114,11.05
baritone,0.4354921281337738,-0.393887460231781,-0.2309099126924391,0.4067011575696385,0.8467151,0.85173994,,,8,-0.0631017482634821,,,4.188,,3.67,1.3424,17,11.21
helicopter,0.4351560473442077,-0.2939178347587585,0.0696689311547134,0.3037595836175884,0.80178183,0.77856565,0.909090909,4.7,10,0.07030238124672088,,2.19,4.647,,4.62,2.9069,450,5.26
rooster,0.4335768520832062,-0.3053034245967865,-0.3158032694753975,0.3119509437665249,0.86962026,0.8370475,0.833333333,4.0,7,-0.06250994732965927,2.5,1.4,3.706,4.36,4.75,2.2967,102,6.41
hound,0.4307273626327514,0.7182581424713135,0.0533961590570147,0.30682758250592157,0.8771286,0.84394324,1.1,4.1,5,0.4007938880536932,,,3.706,2.6,4.48,2.4116,167,5.74
booming,0.4306367039680481,0.3310066759586334,-0.1050111001068011,0.36103354250133,0.84798056,0.8285368,3.307692308,,7,0.21887742660662682,,,3.84,,2.37,1.7324,48,
thunder,0.42624032497406,-0.3386971354484558,-0.2328284370899077,0.32667964332219906,0.88555354,0.8502,2.866666667,4.8,7,-0.048428415854767815,2.322580645,,3.706,5.0,4.34,2.8325,350,4.89
windy,0.4253168106079101,-0.4684518277645111,-0.1909788049182629,0.3647444237586259,0.8714214,0.8339333,3.4,5.5,5,-0.0780379406916213,,,3.588,,3.86,2.1303,104,5.39
outdoor,0.4238543808460235,0.2289080917835235,-0.0948150933202689,0.25685965599544025,0.85866106,0.80436593,,,7,0.18598245976975938,,,3.6,,3.93,1.9731,83,4.6
tuning,0.4235833883285522,-0.6242519617080688,-0.1895789841672824,0.38926987361744836,0.85807383,0.8014941,,,6,-0.13008251918226635,,,3.588,,2.89,1.9868,67,
canary,0.422954797744751,0.0605419687926769,0.1597325549366285,0.34129321648197825,0.824229,0.86176765,0.8,2.7,6,0.21440977382468543,,0.92,3.6,,4.63,2.1761,96,7.32
party,0.4229046106338501,-0.4382590353488922,-0.3021310202728448,0.42873551068511273,0.83794487,0.85132116,1.923076923,4.8,5,-0.10582848166262897,3.033333333,,4.176,4.8,3.89,4.0752,3724,4.58
giggling,0.4224914908409118,0.1533008515834808,0.1783152501299268,0.321234867250016,0.83257145,0.664566,2.428571429,,8,0.2513691975181065,,,4.444,,3.72,2.3222,130,
communication,0.4208205938339233,-0.1820434927940368,0.3595512776879946,0.24958603114188246,0.85555357,0.6608805,,2.2,13,0.19944279290929368,,,4.611,,2.9,2.7235,433,8.47
festive,0.4207130372524261,-0.0794064849615097,0.0317382454447379,0.3280157659750504,0.84957016,0.84762764,,,7,0.12434826591188476,,,4.133,4.1,2.74,1.9956,90,8.42
dogs,0.4199905693531036,0.8289204835891724,0.0433657913128356,0.2851155381589446,0.8597644,0.83446544,,,4,0.4307589480850372,,,4.056,,5.0,3.4322,1282,
chime,0.41924849152565,0.7010976076126099,-0.1561987532015998,0.3406179715409286,0.8583584,0.8569675,3.307692308,,5,0.3213824486455534,2.146341463,,4.235,4.0,4.4,1.6812,38,7.83
rhythmic,0.4177570044994354,-0.438647985458374,0.0620554050672233,0.35203726788467893,0.88408226,0.74865246,1.571428571,,8,0.013721474702761563,,,3.786,,3.1,1.7243,47,10.65
storm,0.4152418971061706,-0.3557668328285217,-0.0923533876400932,0.11168863110306006,0.8642502,0.8281759,0.428571429,5.545454545454546,5,-0.010959441120814761,1.766666667,,4.053,3.9,4.7,3.1973,826,4.94
stutter,0.4150953888893127,-0.048143170773983,-0.1625838989255761,0.32186702505163733,0.8647515,0.8430802,,5.8,7,0.0681227730632512,2.32,,4.222,,3.97,1.9868,70,8.78
instrument,0.41422900557518,-0.0251864790916442,-0.2802850272255589,0.31995390019105274,0.858403,0.8401798,,3.3,10,0.03625249975265896,,,4.5,,4.27,2.617,313,6.94
intercom,0.4133734107017517,0.4372886121273041,0.0923760917611807,0.3621938653742518,0.8792885,0.761299,,,8,0.3143460381967455,,,3.625,,4.67,2.0334,69,8.79
ad,0.4132944345474243,-0.5023623704910278,-0.3394030954982078,0.34286379095614133,0.8429151,0.84728473,,3.692307692307693,2,-0.14282367714727043,1.92,,3.944,1.4,4.46,2.842,432,8.22
nonsense,0.4132929146289825,0.2027727514505386,0.025477892449455,0.25097331433010867,0.78875697,0.6287874,,,8,0.21384785284299204,2.621621622,,3.833,,2.38,3.1623,1021,6.95
melodic,0.4127907156944275,0.1062822714447975,-0.0471514963971006,0.3813211948854893,0.8960325,0.8389871,,,7,0.15730716358070815,,,4.474,,2.26,1.0414,10,9.79
guitar,0.4109554290771484,-0.3126872479915619,-0.2485745944066967,0.32049085313473175,0.84422,0.81530166,0.545454545,,6,-0.050102137773703405,2.027027027,0.29,4.438,4.73,4.9,2.9009,341,5.32
engine,0.4105695486068725,-0.3909171223640442,-0.3786241819539457,0.41974666255414234,0.8492562,0.8520179,,,6,-0.11965725190370581,2.033333333,,4.0,2.9,4.86,3.2114,807,6.28
amen,0.4060855209827423,0.2066820412874221,-0.0238049843580535,0.3842046838768521,0.821111,0.86797994,,3.0,4,0.19632085930403698,,,3.722,4.73,1.78,3.1225,686,5.8
siren,0.4037490487098694,-0.2752077877521515,-0.2315048596546393,0.3267995306111156,0.8769775,0.7877565,,,5,-0.03432119956564047,2.375,,4.6,5.3,4.45,2.525,229,7.06
percussive,0.4026902019977569,0.8560165762901306,-0.2549574921960417,0.3757530241378123,0.8810103,0.84141725,,,10,0.3345830953639486,,,3.692,,2.72,0.6021,3,11.4
echo,0.3991205394268036,-0.4505508542060852,-0.2468470141737131,0.3056550090818918,0.87102324,0.79830676,2.8,6.5,4,-0.09942577631766492,2.766666667,,4.644,3.7,3.64,2.5453,191,8.0
harmonic,0.3895180523395538,0.254163384437561,-0.1291828495738884,0.38990035954087104,0.8890361,0.8426146,,,8,0.17149952906774213,,,3.8,,3.07,1.0792,9,11.89
children,0.3891787827014923,-0.3398654758930206,-0.0682106918301005,0.26902619094663693,0.8798767,0.852896,0.8,,8,-0.006299128340542914,2.058823529,,3.895,5.09,4.89,3.9509,3276,4.1
ambulance,0.3876560628414154,-0.2935230433940887,-0.2444513751671481,0.33393172506779556,0.832155,0.7900294,-0.818181818,,9,-0.050106118573273774,,1.78,4.474,,4.81,3.0584,727,6.16
violin,0.3863419592380523,-0.049333170056343,-0.3864060578271494,0.3711494557296045,0.8840462,0.81480736,0.7,3.7,6,-0.016465756215146694,,0.51,4.81,,4.96,2.3856,122,7.45
chorus,0.3860410451889038,-0.4094381034374237,-0.0189597750677983,0.2480608981580288,0.90070504,0.8455785,,3.5,6,-0.014118944438772726,2.173913043,,4.0,4.9,4.03,2.4928,210,7.5
rainy,0.3842256665229797,-0.4085944294929504,0.1132921847352272,0.380056759966915,0.83825207,0.81557196,,5.7,5,0.02964114058841884,,,3.706,,4.32,2.29,152,4.0
acoustic,0.3838678896427154,0.2482401132583618,-0.2893349852224869,0.18039235910368573,0.87929493,0.66053325,,4.3,8,0.11425767255953008,,,3.824,,3.28,1.699,31,12.39
tuba,0.3809672892093658,0.2075840830802917,-0.0233728837908403,0.3841535361160739,0.8307317,0.85445327,1.3,3.7,4,0.1883928294996057,2.896551724,0.63,4.733,4.9,4.86,1.7924,32,7.0
beat,0.3801695108413696,-0.5479081869125366,-0.0172050116845485,0.34952422090380264,0.879553,0.8134589,,,4,-0.06164789591857184,2.184210526,,3.8,2.75,3.97,3.8272,3192,6.15
church,0.3786099851131439,-0.5044379234313965,-0.2263215354841624,0.395147935997642,0.8381549,0.8227051,0.076923077,3.9,6,-0.1173831579341383,2.026315789,-0.05,3.75,2.5,4.9,3.5507,1340,5.15
piano,0.3768849968910217,-0.1155240535736084,-0.2628631112570582,0.40870180995061084,0.869195,0.84522665,-0.7,4.8,5,-0.0005007226465483053,2.09375,0.84,4.579,,4.9,3.1035,597,5.5
trumpet,0.3764346837997436,-0.305969089269638,-0.3777837734121705,0.41753914042300033,0.854389,0.84971833,0.727272727,4.0,7,-0.10243939296068832,2.408163265,0.63,4.286,5.2,4.86,2.3243,99,6.28
drum,0.3753491938114166,0.2643174231052398,0.0475019255410159,0.4107706969326835,0.88361496,0.78706455,3.181818182,4.9,4,0.2290561808192241,2.694444444,0.69,4.6,4.73,4.96,2.6365,270,4.63
thunderclap,0.3725033104419708,-0.3906936645507812,-0.340659638092959,0.3782077741481044,0.8368196,0.8364635,,,11,-0.11961666406725646,,,4.543,,3.96,1.4771,22,9.44
yapping,0.3695728778839111,0.4008824527263641,-0.0125193307254686,0.3369044668617062,0.8571393,0.84535474,,,7,0.2526453332949355,,,4.471,,3.48,1.7709,53,
seashore,0.3687780797481537,0.0296081732958555,-0.2163654870532658,0.2933865957835474,0.84468657,0.7625252,,4.8,8,0.06067358866358113,2.206896552,,3.625,,4.63,1.3979,21,6.44
music,0.3682592213153839,-0.5458031892776489,-0.190315498234041,0.23126836537835632,0.8963989,0.8491627,0.363636364,3.9,5,-0.12261982206543535,2.5,,4.833,6.0,4.31,3.8885,2699,3.81
harp,0.3679906129837036,-0.4651771187782287,-0.1303159547024554,0.30222989834086533,0.80754286,0.74014604,0.2,4.2727272727272725,4,-0.07583415349899351,1.962962963,0.13,4.733,,4.85,2.1303,81,7.55
tenor,0.3662948608398437,-0.589893639087677,-0.2523078240156975,0.3609241274976471,0.8228044,0.7720854,,,5,-0.15863553408784362,,,4.2,3.4,3.04,1.9031,48,12.56
foghorn,0.3658658266067505,-0.3405808508396148,-0.3311787182968806,0.3584884195705975,0.8379929,0.8126402,,,7,-0.10196458084324833,,,4.368,,4.96,1.1139,11,8.94
macaw,0.3654588758945465,-0.4333223700523376,-0.1400210983457849,0.2432968285584188,0.8976921,0.84415203,0.272727273,,5,-0.06929486416785864,,,3.778,,4.81,1.1139,5,8.8
multimedia,0.3635199964046478,0.5193876028060913,-0.2805136837833395,0.2997708891302647,0.8059779,0.7581754,,4.8,10,0.2007979718091332,,,3.611,,3.5,1.4624,14,11.89
chaos,0.3616123497486114,-0.1388288289308548,-0.0217637917939946,0.23078937474575997,0.81976366,0.82514614,,4.363636363636363,5,0.067006576341254,3.0,,3.9,,2.79,2.6812,347,10.05
lesson,0.3604594767093658,-0.5067619681358337,-0.1551609779912708,0.286763730273362,0.8552023,0.83722717,,2.9,6,-0.10048782313924626,2.074074074,,3.579,2.4,2.79,3.2162,1120,7.8
message,0.3593432605266571,0.5918739438056946,-0.1655779503396028,0.36792231640706907,0.90226775,0.8441922,,3.0,7,0.2618797513309163,1.795454545,,4.056,3.6,3.97,3.6691,2424,6.32
musical,0.3583827018737793,-0.4973225891590118,-0.2626175794176324,0.3344084791522365,0.8172955,0.8488568,1.5,4.8,7,-0.133852488900955,,,4.263,,3.72,2.8274,421,7.28
rap,0.3563995957374573,-0.4032442569732666,-0.0239921247285162,0.32280832613001714,0.8226053,0.77000207,,4.0,3,-0.023612261988108507,2.375,,3.941,3.4,3.57,2.8235,429,9.14
decree,0.355034202337265,0.3825373947620392,-0.0746342765489881,0.3206380156639527,0.87241465,0.77268046,,2.5454545454545454,6,0.22097910685010536,2.0,,3.571,2.73,2.68,1.9956,61,11.32
seagull,0.3542623817920685,0.1945610493421554,-0.1295206179102471,0.2997471177335616,0.8417222,0.81130207,1.363636364,3.5,7,0.13976760440799227,,1.52,3.588,,5.0,1.7993,34,5.42
harpsichord,0.3539702892303467,0.1833706647157669,-0.182116078731302,0.19348944000714358,0.8698794,0.51171416,0.0,3.0,11,0.11840829173827054,,0.1,4.182,,4.67,1.0792,8,12.0
movie,0.3532217442989349,-0.434904545545578,-0.3124357384823839,0.3036252997604445,0.85621303,0.8473844,0.285714286,3.0,5,-0.13137284657634235,2.680851064,,4.412,5.2,4.59,3.7974,2101,3.56
chord,0.3532107770442962,-0.5544131398200989,-0.2581905528901582,0.40093841443150025,0.79835856,0.83071715,,3.3,5,-0.15313097188865363,2.043478261,,3.773,2.0,4.29,1.9731,66,9.71
circus,0.3524969518184662,-0.25930917263031,-0.0870940879564011,0.26806241182618235,0.8841774,0.7093258,0.6,,6,0.002031230410585024,2.941176471,,3.706,4.09,4.43,2.94,450,4.53
broadcast,0.3493355214595794,-0.0344196669757366,-0.3989062417760708,0.22308826826493713,0.86880815,0.5315342,,,9,-0.027996795764076005,2.064516129,,3.95,,3.46,2.6609,290,9.3
mower,0.3492539227008819,-0.5760921835899353,-0.1127597935108896,0.31231007997808813,0.8746489,0.8531845,,3.3,5,-0.11319935146664767,2.2,,3.765,,4.86,1.8808,46,6.89
drummer,0.3489385545253753,-0.2779258787631988,-0.0427056026381534,0.3924273563297976,0.86834574,0.8149315,,3.6,7,0.009435691041341029,2.363636364,,4.056,,4.44,2.2742,111,6.05
techno,0.3487192094326019,0.7380725741386414,0.1541448592362579,0.38470329429486616,0.8821238,0.84283155,,,6,0.41364554760250033,,,4.278,,2.96,1.5911,32,13.94
screeching,0.3456950485706329,-0.2943108677864074,-0.2819974841692886,0.34254540847157894,0.8406198,0.77424943,3.5,5.6,10,-0.07687110112835437,,,4.357,,3.71,2.1173,92,
disco,0.3430570662021637,-0.015664167702198,-0.0297422692888166,0.37069506413819164,0.8600153,0.84698254,,3.7,5,0.09921687640371636,2.964285714,,4.095,5.4,3.63,2.4698,153,10.53
cuss,0.3426371812820434,-0.4712873995304107,0.016267530878063,0.23782581520788076,0.8314397,0.83322877,,3.5,4,-0.037460895790101444,2.794871795,,4.562,,3.14,1.7404,48,6.79
instrumental,0.3409714698791504,-0.2700815200805664,-0.0468405977322509,0.2865464462188203,0.85517937,0.710693,,3.2,12,0.00801645068877769,,,4.0,,2.89,1.8976,62,8.94
news,0.3406547307968139,-0.4284910261631012,-0.2052607588845845,0.2131793956909471,0.8786164,0.8505581,,4.3,4,-0.09769901808362393,1.833333333,,4.438,,3.41,3.9243,3976,6.16
cinema,0.3366383910179138,-0.2712201178073883,-0.1597206681933993,0.3210127361437224,0.88113314,0.8539894,,3.2,6,-0.03143413166095793,,,4.056,,4.69,2.2989,135,8.85
cello,0.3342200219631195,0.002154593123123,-0.2370832703730501,0.38688325194238027,0.87060785,0.845725,-0.272727273,2.8181818181818183,5,0.033097114904397464,2.323529412,0.3,4.333,5.2,4.96,1.9823,40,9.89
choir,0.3332481682300567,-0.3877336978912353,-0.2107932519023892,0.2931259819497392,0.8575633,0.85763484,-0.636363636,,5,-0.08842626052118928,1.972222222,,4.316,4.45,4.34,2.4346,166,6.53
wail,0.3324138522148132,0.0094035901129245,-0.0677678069095247,0.344932945320038,0.89281976,0.8119441,0.5,5.909090909090909,4,0.09134987847273766,2.2,,4.389,2.7,3.93,1.6532,39,9.41
liar,0.3316891491413116,-0.4824388325214386,-0.1813805624485316,0.3437947508004719,0.84468573,0.8215984,,,4,-0.11071008194288622,1.733333333,,4.111,3.6,3.43,3.2536,1181,4.89
cheers,0.3301325738430023,-0.4662524163722992,-0.215790814852791,0.31100606391450847,0.86942387,0.84570163,,,6,-0.11730355246069595,,,4.562,,3.48,3.0641,711,8.59
cheering,0.3295336365699768,-0.3318425416946411,-0.2395650868934229,0.3645727107202753,0.88344723,0.8319144,,,8,-0.08062466400602908,,,4.158,,3.63,2.8395,321,
information,0.3277460932731628,-0.2907429039478302,-0.2309658906012755,0.2689567710609734,0.8731041,0.77963746,1.357142857,,11,-0.06465423375864764,,,4.0,,2.87,3.6588,2373,7.19
choral,0.326297402381897,-0.5153645873069763,-0.0405970936911772,0.3423951355569703,0.87974286,0.81091475,,,6,-0.0765547595387522,,,3.667,,2.96,1.0792,10,8.07
presentation,0.3243023455142975,0.4664394855499267,-0.2820554686769873,0.2590149626850043,0.7984739,0.69804096,,,12,0.16956212079574562,,,3.588,,3.11,2.567,260,9.5
bees,0.3205574452877044,-0.4368120729923248,-0.1150601161560639,0.21362626528339973,0.7963492,0.8510791,,,4,-0.07710491462022807,,,3.647,,4.72,2.4362,163,
flute,0.319725751876831,-0.4764052629470825,-0.2739011256561411,0.33743942474581173,0.8822552,0.83247995,1.545454545,4.2,5,-0.14352687890879753,2.441176471,0.06,4.211,3.64,5.0,2.0374,71,8.47
sing,0.3137266337871551,-0.4870859086513519,-0.2788336661061256,0.3044968225644587,0.88412535,0.85053706,1.7,4.3,4,-0.15073098032344076,,,4.875,4.2,4.34,3.6971,1746,3.47
harmonious,0.3109863996505737,-0.0119680380448699,-0.2111468261563258,0.18688499632508443,0.8702213,0.35279766,,4.5,10,0.029290511816459325,,,3.7,,2.04,1.3222,20,10.38
report,0.308352530002594,-0.4470795691013336,-0.3999487506132628,0.31818025722354476,0.7895635,0.8348545,,2.5,6,-0.1795585965706675,1.90625,,3.706,2.9,3.92,3.7411,2621,6.6
audience,0.3045228719711303,-0.378223568201065,-0.1534680635464878,0.27852835517482294,0.8522968,0.82986677,,2.9,8,-0.07572291992547418,2.257142857,,3.778,,4.29,3.1123,758,7.0
muttering,0.3044194877147674,-0.5203694701194763,-0.1275809988452237,0.4066084062025801,0.8844791,0.86152387,2.230769231,,9,-0.11451032708331087,,,4.714,,2.72,1.9494,75,
clarinet,0.3017928600311279,-0.5659940242767334,-0.2184443900046428,0.3723997659118874,0.8469724,0.8414508,-0.272727273,2.1818181818181817,8,-0.16088185141674943,,-0.02,4.5,,4.92,1.9085,36,9.22
viola,0.3014984130859375,-0.1627189666032791,-0.1771954910423386,0.38697864269665805,0.874808,0.8465246,1.25,4.2727272727272725,5,-0.012805348186560058,,,3.895,,4.54,2.1818,36,
applause,0.3002784848213196,-0.2671110928058624,-0.1581311413689274,0.1918145665925557,0.8605365,0.7096543,0.666666667,4.2,8,-0.041654583117823406,2.5,,4.833,4.82,4.29,2.7612,362,6.2
fiddle,0.2989490032196045,-0.5612120628356934,-0.1741711345056748,0.39345821076037857,0.88726044,0.7827048,1.0,4.4,6,-0.14547806470725455,3.0,,3.938,4.3,4.81,2.2695,129,8.28
tale,0.2980324625968933,-0.1838090270757675,0.0669382254268054,0.31569786894166607,0.8741167,0.8000716,,3.3,4,0.060387220315977076,1.958333333,,3.833,2.67,3.23,2.7875,435,6.32
ocean,0.2975548207759857,-0.3936984241008758,-0.1672887042252976,0.288410574586442,0.8633857,0.8556201,0.928571429,3.3,5,-0.08781076918339588,,,3.647,6.0,4.86,3.1892,862,4.74
shrill,0.2972910404205322,-0.2014534324407577,-0.231014381691232,0.29675558997048895,0.8692467,0.83817774,3.285714286,4.5,6,-0.045058924570485825,,,4.294,3.64,2.8,1.3979,21,11.44
crowd,0.293011724948883,-0.4865587651729584,-0.130125040528704,0.3977031197615635,0.85778344,0.8623804,1.142857143,4.2,5,-0.10789069358425979,2.434782609,,3.889,4.18,4.52,3.2804,1230,7.14
announce,0.2927263677120209,-0.1906124651432037,-0.1225056430922957,0.2966272207366728,0.904733,0.8221101,,3.4166666666666665,8,-0.00679724684115951,,,4.722,2.4,3.31,2.6981,413,9.48
rattlesnake,0.2923239469528198,-0.0036150796804577,0.0632415022149871,0.32988320535421306,0.8737662,0.74002767,2.916666667,5.545454545454546,11,0.11731678982911642,,1.31,3.737,,5.0,1.9395,56,6.78
advertisement,0.2900868356227875,0.0167868752032518,-0.2992622210972558,0.232574604743663,0.7898497,0.58509797,,4.090909090909091,13,0.0025371632429278166,,,4.125,,3.77,1.7924,52,7.67
squawk,0.2885545492172241,0.8694393634796143,0.2086815556068905,0.28259270119996166,0.88011557,0.844811,3.461538462,5.909090909090909,6,0.45555848943457633,3.418604651,,3.941,4.4,3.73,1.9445,56,9.26
phrase,0.2829630970954895,-0.4248275458812713,-0.1364545552800349,0.23248101179680347,0.86382955,0.844365,,2.7,6,-0.09277300135527222,1.96969697,,3.722,2.27,2.86,2.6675,360,8.44
cheer,0.2809680700302124,-0.5140505433082581,-0.1215215853205061,0.3501794929863373,0.85601276,0.8476022,2.8,5.2,5,-0.1182013528661839,2.75862069,,3.8,4.09,2.77,2.9795,733,5.0
singer,0.2772644758224487,-0.3891591727733612,-0.1770752345255941,0.2586421151880302,0.9009803,0.8434238,1.909090909,3.9,6,-0.0963233104921689,2.575757576,,4.556,,4.62,2.9036,396,5.06
mandolin,0.2715679407119751,0.0287085529416799,0.086609852383879,0.31493927461413185,0.8634591,0.5208862,,3.6,8,0.12896211534584467,,,3.833,,4.76,1.3979,16,12.39
concert,0.2694445848464966,-0.2984965145587921,-0.2348330073237101,0.29840540519986924,0.838043,0.77966857,,,7,-0.08796164567866856,2.193548387,,4.853,4.9,4.35,2.9523,417,8.95
clap,0.2671664953231811,-0.3254660367965698,0.0760420488186076,0.27305403672796674,0.84458107,0.6757889,2.833333333,6.1,4,0.005914169115072958,2.693877551,,4.625,4.92,4.16,2.3838,152,3.4
saxophone,0.2636362612247467,0.271058976650238,-0.0724959144736425,0.17892986125952517,0.8442509,0.34485307,0.6,3.8,9,0.15406644113378073,,0.31,4.222,,5.0,1.9395,44,9.1
disturbance,0.2540120482444763,-0.3630644679069519,-0.0840796190638756,0.19618028599964737,0.8593218,0.7623253,,3.5,11,-0.06437734624211706,,,3.789,,2.7,2.3054,157,9.33
symphony,0.2521324753761291,-0.3587205111980438,-0.2759139149025429,0.35128476429515026,0.8740306,0.8340273,1.454545455,5.0,8,-0.12750065024148588,,,4.294,,4.21,2.2601,136,8.33
harmonica,0.2498455345630645,-0.3051694929599762,-0.2294605485100479,0.32230278412955843,0.8170638,0.779795,0.7,,9,-0.09492816896898655,,-0.18,4.556,,4.9,1.9542,44,7.32
polite,0.2414020299911499,-0.5339664220809937,-0.293555181125809,0.3568949641049302,0.88259923,0.840919,,4.0,6,-0.19537319107188425,,,4.056,3.18,1.85,2.8525,592,4.63
orchestra,0.2364160269498825,-0.3557107448577881,-0.2161565197015643,0.3343718391770782,0.88275295,0.7815367,0.0,2.5,9,-0.1118170792031566,,,4.75,,4.79,2.4502,189,9.44
command,0.2264311611652374,-0.1792907118797302,0.0960690703740888,0.3709445960202173,0.79347813,0.855863,,4.0,7,0.047736506553198665,1.64,,3.579,2.3,2.48,3.3475,1020,8.67
soprano,0.2194284349679947,-0.357523649930954,-0.2541783274147049,0.3633666815845713,0.8933569,0.77854323,,4.0,7,-0.1307578474592214,,,4.947,,4.11,2.1335,57,11.44
amplification,0.2185833752155304,0.3649542033672333,-0.086436462242226,0.07714726906209005,0.83526295,0.029569164,,,13,0.16570037211351255,,,3.842,,2.93,0.9542,8,11.4
opera,0.1979052424430847,-0.4266053140163421,-0.2352001520405601,0.3666713005892552,0.8198254,0.8380152,,3.2,5,-0.15463340787127247,,,4.353,,4.28,2.9415,376,
tune,0.1879204511642456,-0.6495234966278076,-0.3188645323110538,0.3527021571580566,0.84483415,0.85532093,,4.4,4,-0.2601558592582053,2.277777778,,4.19,3.42,3.5,2.9015,552,7.32
hearing,0.1803909093141555,0.547565221786499,-0.0556364248284326,0.37196336024484,0.8561961,0.8644469,,,7,0.2241065687574073,,,4.658,,3.18,3.3583,1600,6.05
band,0.1742637902498245,-0.4437408149242401,-0.1220012137282481,0.3247526351028275,0.8826549,0.8477358,0.307692308,4.1,4,-0.13049274613422124,2.194444444,,4.368,1.73,4.68,3.4354,1122,6.16
response,0.1702907532453537,0.73602694272995,-0.1222007303520095,0.2658689045717338,0.882063,0.76029116,,,8,0.2613723218744314,,,3.647,2.2,3.0,2.9149,598,7.22
story,0.1612050086259842,-0.4354487061500549,0.026633491777009,0.2676697744829,0.85514176,0.82159275,0.454545455,,5,-0.08253673524902055,2.125,,4.357,3.09,3.3,4.0516,4265,3.89
beg,0.1462664604187011,-0.6272099614143372,-0.2811242471705732,0.3400627776846326,0.8835346,0.7649574,,4.8,3,-0.2540225827220698,,,3.842,2.5,2.96,3.4151,1643,5.78
newsflash,0.1211268901824951,-0.25472292304039,-0.2241357898029349,0.26289207328686753,0.8416413,0.7530501,,,9,-0.11924394088694328,,,3.944,,3.82,1.5185,26,9.22
soundtrack,0.0916314870119094,-0.1480056196451187,0.2428463044683067,0.2595596314323188,0.82771677,0.5611861,,,10,0.062157390611699136,2.367346939,,4.938,,4.34,1.6902,36,8.56
